Name,Type
1.A2 (MRDI+1)_Tripartite agreement template -??.doc,File
10.A2 (MRDI+1)_Tripartite agreement template -???.doc,File
11.A2 (MRDI+1)_Tripartite agreement template -???.doc,File
12.A2 (MRDI+1)_Tripartite agreement template -???.doc,File
13.A2 (MRDI+1)_Tripartite agreement template -???.doc,File
14.A2 (MRDI+1)_Tripartite agreement template -???.doc,File
15.A2 (MRDI+1)_Tripartite agreement template -???.doc,File
16.A2 (MRDI+1)_Tripartite agreement template -???.doc,File
17.A2 (MRDI+1)_Tripartite agreement template -???.doc,File
18.A2 (MRDI+1)_Tripartite agreement template -??.doc,File
2.A2 (MRDI+1)_Tripartite agreement template -???.doc,File
3.A2 (MRDI+1)_Tripartite agreement template -???.doc,File
4.A2 (MRDI+1)_Tripartite agreement template -???.doc,File
5.A2 (MRDI+1)_Tripartite agreement template -???.doc,File
6.A2 (MRDI+1)_Tripartite agreement template -???.doc,File
7.A2 (MRDI+1)_Tripartite agreement template -???.doc,File
8.A2 (MRDI+1)_Tripartite agreement template -??.doc,File
9.A2 (MRDI+1)_Tripartite agreement template -???.doc,File
